entry_time,exit_time,direction,entry_price,exit_price,sl,grade,score,exit_reason,lot_size,pnl_pips,pnl_usd,partials,session,choch,pd_zone,aligned,has_bos
2025-10-14 17:30:00,2025-10-14 17:45:00,BUY,4149.48,4145.48,4145.48,B,22,SL,0.5,-40.0,-200.0,0,NY,bullish,premium,2,True
2025-10-16 12:15:00,2025-10-16 12:30:00,BUY,4238.55,4234.55,4234.55,A,24,SL,0.49,-40.0,-196.0,0,LN/NY overlap,bullish,premium,2,True
2025-10-22 09:00:00,2025-10-22 09:15:00,SELL,4074.9,4078.9,4078.9,A,27,SL,0.48,-40.0,-192.0,0,London,bearish,discount,3,True
2025-10-22 11:15:00,2025-10-22 11:30:00,SELL,4019.75,4023.75,4023.75,A,27,SL,0.47,-40.0,-188.0,0,London,bearish,discount,3,True
2025-10-27 13:45:00,2025-10-27 17:00:00,SELL,4021.46,4000.46,4000.46,A,29,SL,0.46,210.0,922.0,8,LN/NY overlap,bearish,discount,3,True
2025-10-28 07:00:00,2025-10-28 10:45:00,SELL,3945.89,3924.89,3924.89,A,27,SL,0.51,210.0,1170.0,9,London,bearish,discount,3,True
2025-10-28 12:45:00,2025-10-28 13:00:00,SELL,3912.15,3916.15,3916.15,A,29,SL,0.57,-40.0,-228.0,0,LN/NY overlap,bearish,discount,3,True
2025-10-29 15:30:00,2025-10-29 17:45:00,SELL,4003.48,3995.48,3995.48,A,24,SL,0.55,80.0,480.0,4,LN/NY overlap,bearish,discount,2,True
2025-10-31 16:15:00,2025-10-31 16:30:00,SELL,3985.39,3989.39,3989.39,B,22,SL,0.58,-40.0,-232.0,0,NY,bearish,discount,3,False
2025-10-31 18:30:00,2025-10-31 19:00:00,SELL,4003.38,4003.1800000000003,4003.1800000000003,B,22,SL,0.57,2.0,45.6,1,NY,bearish,discount,2,True
2025-11-03 10:30:00,2025-11-03 11:00:00,SELL,3997.41,4001.41,4001.41,A,27,SL,0.57,-40.0,-228.0,0,London,bearish,discount,3,True
2025-11-03 18:15:00,2025-11-03 18:30:00,SELL,4000.82,4004.82,4004.82,B,22,SL,0.56,-40.0,-224.0,0,NY,bearish,discount,3,False
2025-11-06 08:00:00,2025-11-06 09:45:00,BUY,4009.12,4009.3199999999997,4009.3199999999997,A,28,SL,0.55,2.0,41.4,1,London,bullish,discount,2,False
2025-11-06 15:00:00,2025-11-06 15:15:00,SELL,3982.0,3986.0,3986.0,A,24,SL,0.55,-40.0,-220.0,0,LN/NY overlap,bearish,discount,3,False
2025-11-07 07:45:00,2025-11-07 08:15:00,BUY,4007.91,4003.91,4003.91,A+,33,SL,0.54,-40.0,-216.0,0,London,bullish,discount,2,True
2025-11-10 19:15:00,2025-11-10 19:30:00,BUY,4114.55,4110.55,4110.55,A,27,SL,0.53,-40.0,-212.0,0,NY,bullish,premium,3,True
2025-11-11 10:30:00,2025-11-11 11:00:00,BUY,4139.56,4139.76,4139.76,A,27,SL,0.52,2.0,40.8,1,London,bullish,premium,3,True
2025-11-12 10:00:00,2025-11-12 10:15:00,BUY,4125.66,4121.66,4121.66,B,22,SL,0.52,-40.0,-208.0,0,London,bullish,premium,3,False
2025-11-13 10:15:00,2025-11-13 10:30:00,BUY,4235.03,4231.03,4231.03,A,27,SL,0.51,-40.0,-204.0,0,London,bullish,premium,3,True
2025-11-18 17:30:00,2025-11-18 18:00:00,BUY,4073.14,4069.14,4069.14,A,28,SL,0.5,-40.0,-200.0,0,NY,bullish,equilibrium,2,False
2025-11-19 07:00:00,2025-11-19 07:45:00,BUY,4087.39,4087.5899999999997,4087.5899999999997,A,33,SL,0.49,2.0,75.4,2,London,bullish,equilibrium,3,False
2025-11-19 11:45:00,2025-11-19 12:15:00,BUY,4113.03,4113.23,4113.23,A+,38,SL,0.49,2.0,36.4,1,London,bullish,equilibrium,3,True
2025-11-20 17:45:00,2025-11-20 18:00:00,SELL,4065.64,4069.64,4069.64,A+,33,SL,0.49,-40.0,-196.0,0,NY,bearish,equilibrium,2,True
2025-11-21 15:15:00,2025-11-21 15:30:00,BUY,4069.1,4065.1,4065.1,A,30,SL,0.48,-40.0,-192.0,0,LN/NY overlap,bullish,equilibrium,2,False
2025-11-21 19:15:00,2025-11-21 19:30:00,BUY,4090.65,4086.65,4086.65,A+,38,SL,0.47,-40.0,-188.0,0,NY,bullish,equilibrium,3,True
2025-11-24 09:00:00,2025-11-24 09:15:00,BUY,4072.16,4068.16,4068.16,A+,33,SL,0.46,-40.0,-184.0,0,London,bullish,equilibrium,2,True
2025-11-24 12:30:00,2025-11-24 13:00:00,BUY,4079.06,4079.2599999999998,4079.2599999999998,A+,40,SL,0.46,2.0,35.8,1,LN/NY overlap,bullish,equilibrium,3,True
2025-11-25 16:15:00,2025-11-25 16:30:00,BUY,4140.56,4136.56,4136.56,B,22,SL,0.46,-40.0,-184.0,0,NY,bullish,premium,3,False
2025-11-26 19:00:00,2025-11-26 19:30:00,BUY,4166.88,4162.88,4162.88,A,27,SL,0.45,-40.0,-180.0,0,NY,bullish,premium,3,True
2025-11-27 09:30:00,2025-11-27 10:15:00,BUY,4157.53,4153.53,4153.53,B,22,SL,0.44,-40.0,-176.0,0,London,bullish,premium,3,False
2025-12-01 09:30:00,2025-12-01 09:45:00,BUY,4247.5,4243.5,4243.5,A,27,SL,0.43,-40.0,-172.0,0,London,bullish,premium,3,True
2025-12-03 15:15:00,2025-12-03 15:45:00,BUY,4221.9,4222.099999999999,4222.099999999999,A,24,SL,0.42,2.0,31.2,1,LN/NY overlap,bullish,premium,3,False
2025-12-04 15:45:00,2025-12-04 16:30:00,BUY,4207.45,4207.65,4207.65,A,24,SL,0.42,2.0,62.4,2,LN/NY overlap,bullish,premium,3,False
2025-12-05 07:00:00,2025-12-05 07:45:00,BUY,4227.41,4223.41,4223.41,B,22,SL,0.43,-40.0,-172.0,0,London,bullish,premium,3,False
2025-12-05 09:45:00,2025-12-05 12:30:00,BUY,4223.48,4223.679999999999,4223.679999999999,A,27,SL,0.42,2.0,31.2,1,London,bullish,premium,3,True
2025-12-08 15:00:00,2025-12-08 15:15:00,SELL,4177.72,4181.72,4181.72,A+,35,SL,0.42,-40.0,-168.0,0,LN/NY overlap,bearish,premium,2,True
2025-12-09 07:00:00,2025-12-09 07:45:00,SELL,4182.3,4182.1,4182.1,A+,33,SL,0.41,2.0,31.0,1,London,bearish,premium,2,True
2025-12-09 10:00:00,2025-12-09 12:15:00,BUY,4204.44,4200.44,4200.44,B,22,SL,0.41,-40.0,-164.0,0,London,bullish,premium,3,False
2025-12-10 20:15:00,2025-12-10 21:00:00,BUY,4232.8,4233.0,4233.0,B,22,SL,0.4,2.0,30.8,1,NY,bullish,premium,3,False
2025-12-11 09:30:00,2025-12-11 10:15:00,BUY,4217.78,4217.98,4217.98,B,22,SL,0.41,2.0,31.0,1,London,bullish,premium,3,True
2025-12-11 14:00:00,2025-12-11 14:15:00,BUY,4227.27,4223.27,4223.27,A,24,SL,0.41,-40.0,-164.0,0,LN/NY overlap,bullish,premium,3,False
2025-12-12 12:00:00,2025-12-12 12:30:00,BUY,4333.03,4329.03,4329.03,A,29,SL,0.4,-40.0,-160.0,0,LN/NY overlap,bullish,premium,3,True
2025-12-16 15:45:00,2025-12-16 16:00:00,BUY,4319.93,4315.93,4315.93,A,24,SL,0.39,-40.0,-156.0,0,LN/NY overlap,bullish,premium,3,False
2025-12-16 19:00:00,2025-12-16 19:15:00,BUY,4305.99,4301.99,4301.99,A,27,SL,0.38,-40.0,-152.0,0,NY,bullish,premium,3,True
2025-12-18 15:00:00,2025-12-18 15:15:00,BUY,4330.78,4326.78,4326.78,A,29,SL,0.38,-40.0,-152.0,0,LN/NY overlap,bullish,premium,3,True
2025-12-19 15:30:00,2025-12-19 18:30:00,BUY,4340.05,4348.05,4348.05,A,24,SL,0.37,80.0,320.0,4,LN/NY overlap,bullish,premium,3,False
2025-12-22 07:00:00,2025-12-22 07:45:00,BUY,4412.92,4413.12,4413.12,A,27,SL,0.38,2.0,30.4,1,London,bullish,premium,3,True
2025-12-22 14:00:00,2025-12-22 14:30:00,BUY,4426.32,4422.32,4422.32,A,29,SL,0.39,-40.0,-156.0,0,LN/NY overlap,bullish,premium,3,True
2025-12-23 13:00:00,2025-12-23 13:15:00,BUY,4494.46,4490.46,4490.46,A,24,SL,0.38,-40.0,-152.0,0,LN/NY overlap,bullish,premium,3,False
2025-12-23 19:45:00,2025-12-23 21:00:00,BUY,4490.92,4491.12,4491.12,A,27,SL,0.37,2.0,61.4,2,NY,bullish,premium,3,True
2025-12-26 13:45:00,2025-12-26 14:30:00,BUY,4525.14,4525.34,4525.34,A,29,SL,0.37,2.0,30.2,1,LN/NY overlap,bullish,premium,3,True
2026-01-06 14:30:00,2026-01-06 15:00:00,BUY,4479.35,4479.55,4479.55,A,29,SL,0.37,2.0,61.4,2,LN/NY overlap,bullish,premium,3,True
2026-01-07 17:30:00,2026-01-07 17:45:00,BUY,4456.93,4452.93,4452.93,B,22,SL,0.38,-40.0,-152.0,0,NY,bullish,premium,3,False
2026-01-07 19:45:00,2026-01-07 20:30:00,BUY,4457.18,4457.38,4457.38,B,22,SL,0.37,2.0,30.2,1,NY,bullish,premium,3,False
2026-01-08 15:00:00,2026-01-08 15:15:00,BUY,4448.15,4444.15,4444.15,A,24,SL,0.37,-40.0,-148.0,0,LN/NY overlap,bullish,premium,3,False
2026-01-08 17:15:00,2026-01-08 18:00:00,BUY,4461.7,4457.7,4457.7,B,22,SL,0.36,-40.0,-144.0,0,NY,bullish,premium,3,False
2026-01-09 14:15:00,2026-01-09 14:30:00,BUY,4494.26,4490.26,4490.26,A,29,SL,0.36,-40.0,-144.0,0,LN/NY overlap,bullish,premium,3,True
2026-01-09 16:30:00,2026-01-09 17:15:00,BUY,4504.7,4504.9,4504.9,A,27,SL,0.35,2.0,26.0,1,NY,bullish,premium,3,True
2026-01-12 15:00:00,2026-01-12 15:15:00,BUY,4617.45,4613.45,4613.45,A,24,SL,0.35,-40.0,-140.0,0,LN/NY overlap,bullish,premium,3,False
2026-01-13 16:00:00,2026-01-13 16:15:00,BUY,4612.57,4608.57,4608.57,A,27,SL,0.34,-40.0,-136.0,0,NY,bullish,premium,3,True
2026-01-14 13:30:00,2026-01-14 13:45:00,BUY,4636.97,4632.97,4632.97,A,29,SL,0.34,-40.0,-136.0,0,LN/NY overlap,bullish,premium,3,True
2026-01-14 19:45:00,2026-01-14 20:00:00,BUY,4639.3,4635.3,4635.3,A,27,SL,0.33,-40.0,-132.0,0,NY,bullish,premium,3,True
2026-01-15 12:15:00,2026-01-15 12:45:00,BUY,4616.66,4612.66,4612.66,A,24,SL,0.32,-40.0,-128.0,0,LN/NY overlap,bullish,premium,3,False
2026-01-16 07:00:00,2026-01-16 07:15:00,BUY,4610.11,4606.11,4606.11,B,22,SL,0.32,-40.0,-128.0,0,London,bullish,premium,3,False
2026-01-16 15:00:00,2026-01-16 15:15:00,BUY,4616.05,4612.05,4612.05,A,29,SL,0.31,-40.0,-124.0,0,LN/NY overlap,bullish,premium,3,True
2026-01-19 13:15:00,2026-01-19 13:30:00,BUY,4671.93,4667.93,4667.93,A,24,SL,0.3,-40.0,-120.0,0,LN/NY overlap,bullish,premium,3,False
2026-01-19 17:30:00,2026-01-19 19:00:00,BUY,4676.36,4672.36,4672.36,B,22,SL,0.3,-40.0,-120.0,0,NY,bullish,premium,3,False
2026-01-20 07:00:00,2026-01-20 07:45:00,BUY,4715.64,4715.84,4715.84,A,27,SL,0.29,2.0,21.0,1,London,bullish,premium,3,True
2026-01-20 09:45:00,2026-01-20 10:15:00,BUY,4732.47,4728.47,4728.47,A,27,SL,0.29,-40.0,-116.0,0,London,bullish,premium,3,True
2026-01-21 07:45:00,2026-01-21 08:45:00,BUY,4855.36,4855.5599999999995,4855.5599999999995,A,27,SL,0.29,2.0,79.8,3,London,bullish,premium,3,True
2026-01-22 19:45:00,2026-01-22 20:30:00,BUY,4911.88,4919.88,4919.88,B,22,SL,0.29,80.0,252.0,4,NY,bullish,premium,3,False
2026-01-23 13:45:00,2026-01-23 14:00:00,BUY,4939.24,4935.24,4935.24,A,29,SL,0.3,-40.0,-120.0,0,LN/NY overlap,bullish,premium,3,True
2026-01-26 17:30:00,2026-01-26 17:45:00,BUY,5102.39,5098.39,5098.39,A,27,SL,0.3,-40.0,-120.0,0,NY,bullish,premium,3,True
2026-01-27 09:15:00,2026-01-27 09:45:00,BUY,5088.52,5088.72,5088.72,A,27,SL,0.29,2.0,21.0,1,London,bullish,premium,3,True
2026-01-27 17:00:00,2026-01-27 17:15:00,BUY,5091.49,5087.49,5087.49,A,27,SL,0.29,-40.0,-116.0,0,NY,bullish,premium,3,True
2026-01-28 14:45:00,2026-01-28 15:00:00,BUY,5286.24,5282.24,5282.24,A,29,SL,0.29,-40.0,-116.0,0,LN/NY overlap,bullish,premium,3,True
2026-01-28 19:30:00,2026-01-28 19:45:00,BUY,5310.91,5306.91,5306.91,A,27,SL,0.28,-40.0,-112.0,0,NY,bullish,premium,3,True
2026-01-29 14:15:00,2026-01-29 14:30:00,BUY,5543.6,5539.6,5539.6,A,24,SL,0.28,-40.0,-112.0,0,LN/NY overlap,bullish,premium,3,False
2026-01-30 14:30:00,2026-01-30 14:45:00,SELL,5079.68,5083.68,5083.68,A+,35,SL,0.27,-40.0,-108.0,0,LN/NY overlap,bearish,equilibrium,2,True
2026-02-02 16:45:00,2026-02-02 17:00:00,SELL,4665.23,4669.23,4669.23,B,22,SL,0.27,-40.0,-108.0,0,NY,bearish,discount,2,True
2026-02-03 10:15:00,2026-02-03 10:45:00,BUY,4914.77,4914.97,4914.97,A+,33,SL,0.26,2.0,43.8,2,London,bullish,equilibrium,2,True
2026-02-03 13:15:00,2026-02-03 13:30:00,BUY,4934.11,4930.11,4930.11,A+,35,SL,0.26,-40.0,-104.0,0,LN/NY overlap,bullish,equilibrium,2,True
2026-02-05 12:00:00,2026-02-05 12:15:00,SELL,4839.35,4843.35,4843.35,A,24,SL,0.26,-40.0,-104.0,0,LN/NY overlap,bearish,discount,2,True
2026-02-05 14:15:00,2026-02-05 14:30:00,SELL,4834.72,4838.72,4838.72,A,24,SL,0.25,-40.0,-100.0,0,LN/NY overlap,bearish,discount,2,True
2026-02-09 17:30:00,2026-02-09 17:45:00,BUY,5062.48,5058.48,5058.48,A+,38,SL,0.25,-40.0,-100.0,0,NY,bullish,equilibrium,3,True
2026-02-10 09:45:00,2026-02-10 10:00:00,BUY,5046.84,5042.84,5042.84,A+,38,SL,0.24,-40.0,-96.0,0,London,bullish,equilibrium,3,True
2026-02-12 16:00:00,2026-02-12 16:15:00,SELL,4950.68,4954.68,4954.68,A,28,SL,0.24,-40.0,-96.0,0,NY,bearish,equilibrium,2,False
2026-02-13 07:00:00,2026-02-13 07:15:00,SELL,4959.68,4963.68,4963.68,B,23,SL,0.23,-40.0,-92.0,0,London,bearish,equilibrium,2,False
2026-02-16 08:45:00,2026-02-16 09:45:00,BUY,5008.12,5008.32,5008.32,A+,38,SL,0.23,2.0,16.0,1,London,bullish,equilibrium,3,True
2026-02-16 14:00:00,2026-02-16 14:15:00,SELL,4994.65,4998.65,4998.65,A,30,SL,0.23,-40.0,-92.0,0,LN/NY overlap,bearish,equilibrium,2,False
2026-02-17 13:45:00,2026-02-17 14:00:00,SELL,4870.18,4874.18,4874.18,A,24,SL,0.22,-40.0,-88.0,0,LN/NY overlap,bearish,discount,2,True
2026-02-18 07:00:00,2026-02-18 07:15:00,BUY,4938.47,4934.47,4934.47,A+,33,SL,0.22,-40.0,-88.0,0,London,bullish,equilibrium,2,True
2026-02-18 10:00:00,2026-02-18 10:15:00,SELL,4919.59,4923.59,4923.59,B,23,SL,0.22,-40.0,-88.0,0,London,bearish,equilibrium,2,False
2026-02-19 07:45:00,2026-02-19 08:00:00,BUY,5010.32,5006.32,5006.32,A+,38,SL,0.21,-40.0,-84.0,0,London,bullish,equilibrium,3,True
2026-02-19 15:15:00,2026-02-19 15:45:00,BUY,5016.03,5016.23,5016.23,A+,40,SL,0.21,2.0,15.6,1,LN/NY overlap,bullish,equilibrium,3,True
2026-02-20 08:45:00,2026-02-20 09:45:00,BUY,5028.95,5029.15,5029.15,A,33,SL,0.21,2.0,54.8,3,London,bullish,equilibrium,3,False
2026-02-20 19:00:00,2026-02-23 00:00:00,BUY,5071.55,5134.55,5092.55,A+,38,TP10,0.21,630.0,505.0,10,NY,bullish,equilibrium,3,True
2026-02-23 14:15:00,2026-02-23 15:30:00,BUY,5165.4,5186.4,5186.4,A,29,SL,0.24,210.0,422.0,7,LN/NY overlap,bullish,premium,3,True
2026-02-23 17:30:00,2026-02-24 00:00:00,BUY,5199.7,5220.7,5220.7,A,27,SL,0.26,210.0,523.0,8,NY,bullish,premium,3,True
2026-02-24 18:45:00,2026-02-24 19:00:00,BUY,5160.09,5156.09,5156.09,A,27,SL,0.28,-40.0,-112.0,0,NY,bullish,premium,3,True
2026-02-25 15:45:00,2026-02-25 16:00:00,BUY,5194.95,5190.95,5190.95,A,29,SL,0.28,-40.0,-112.0,0,LN/NY overlap,bullish,premium,3,True
2026-02-27 12:45:00,2026-02-27 13:30:00,BUY,5187.44,5208.44,5208.44,A,29,SL,0.27,210.0,544.0,8,LN/NY overlap,bullish,premium,3,True
2026-02-27 15:30:00,2026-02-27 16:15:00,BUY,5231.11,5239.11,5239.11,A,29,SL,0.3,80.0,299.0,5,LN/NY overlap,bullish,premium,3,True
2026-03-03 11:00:00,2026-03-03 11:15:00,SELL,5197.26,5201.26,5201.26,A,28,SL,0.31,-40.0,-124.0,0,London,bearish,premium,2,False
2026-03-03 13:15:00,2026-03-03 13:30:00,SELL,5177.06,5181.06,5181.06,A+,35,SL,0.31,-40.0,-124.0,0,LN/NY overlap,bearish,equilibrium,2,True
2026-03-04 09:15:00,2026-03-04 12:15:00,BUY,5170.76,5191.76,5191.76,B,22,SL,0.3,210.0,541.0,7,London,bullish,premium,2,True
2026-03-04 15:45:00,2026-03-04 16:00:00,SELL,5150.7,5154.7,5154.7,A,30,SL,0.33,-40.0,-132.0,0,LN/NY overlap,bearish,equilibrium,2,False
2026-03-06 08:15:00,2026-03-06 08:30:00,SELL,5099.89,5103.89,5103.89,A,28,SL,0.32,-40.0,-128.0,0,London,bearish,equilibrium,2,False
2026-03-06 14:45:00,2026-03-06 15:30:00,BUY,5130.14,5151.14,5151.14,A,30,SL,0.32,210.0,566.0,7,LN/NY overlap,bullish,equilibrium,2,False
2026-03-09 13:30:00,2026-03-09 13:45:00,SELL,5075.51,5079.51,5079.51,A+,35,SL,0.34,-40.0,-136.0,0,LN/NY overlap,bearish,equilibrium,2,True
2026-03-09 20:45:00,2026-03-09 22:00:00,BUY,5139.24,5135.24,5135.24,A,28,SL,0.34,-40.0,-136.0,0,NY,bullish,discount,2,False
2026-03-10 14:00:00,2026-03-10 14:30:00,BUY,5195.34,5203.34,5203.34,A+,40,SL,0.33,80.0,280.0,4,LN/NY overlap,bullish,equilibrium,3,True
2026-03-12 10:00:00,2026-03-12 10:15:00,BUY,5187.12,5183.12,5183.12,A,33,SL,0.34,-40.0,-136.0,0,London,bullish,equilibrium,3,False
2026-03-13 15:30:00,2026-03-13 15:45:00,SELL,5046.18,5050.18,5050.18,A,24,SL,0.34,-40.0,-136.0,0,LN/NY overlap,bearish,discount,3,False
2026-03-13 19:15:00,2026-03-16 00:00:00,SELL,5034.59,5026.59,5026.59,A,27,SL,0.33,80.0,319.0,5,NY,bearish,discount,3,True
2026-03-16 10:45:00,2026-03-16 11:00:00,SELL,4998.19,5002.19,5002.19,A,27,SL,0.35,-40.0,-140.0,0,London,bearish,discount,3,True
2026-03-17 11:45:00,2026-03-17 12:00:00,SELL,5002.72,5006.72,5006.72,B,22,SL,0.34,-40.0,-136.0,0,London,bearish,discount,3,False
2026-03-18 08:30:00,2026-03-18 08:45:00,SELL,4983.88,4987.88,4987.88,A,27,SL,0.33,-40.0,-132.0,0,London,bearish,discount,3,True
2026-03-18 10:45:00,2026-03-18 11:15:00,SELL,4967.32,4959.32,4959.32,A,27,SL,0.33,80.0,280.0,4,London,bearish,discount,3,True
2026-03-23 16:30:00,2026-03-23 16:45:00,SELL,4385.55,4389.55,4389.55,B,22,SL,0.34,-40.0,-136.0,0,NY,bearish,discount,3,True
2026-03-24 12:30:00,2026-03-24 12:45:00,SELL,4369.09,4373.09,4373.09,A,24,SL,0.33,-40.0,-132.0,0,LN/NY overlap,bearish,discount,3,False
2026-03-25 19:45:00,2026-03-25 20:00:00,SELL,4530.53,4534.53,4534.53,B,22,SL,0.33,-40.0,-132.0,0,NY,bearish,discount,2,True
2026-03-26 07:00:00,2026-03-26 07:15:00,SELL,4447.34,4451.34,4451.34,A,27,SL,0.32,-40.0,-128.0,0,London,bearish,discount,3,True
2026-03-27 10:30:00,2026-03-27 11:00:00,SELL,4415.27,4415.070000000001,4415.070000000001,A,27,SL,0.31,2.0,25.2,1,London,bearish,discount,3,True
2026-03-31 13:45:00,2026-03-31 14:00:00,BUY,4607.01,4603.01,4603.01,A+,35,SL,0.31,-40.0,-124.0,0,LN/NY overlap,bullish,equilibrium,2,True
2026-04-01 08:15:00,2026-04-01 08:30:00,BUY,4730.53,4726.53,4726.53,A+,33,SL,0.31,-40.0,-124.0,0,London,bullish,equilibrium,2,True
2026-04-02 15:15:00,2026-04-02 15:30:00,BUY,4672.35,4668.35,4668.35,A+,35,SL,0.3,-40.0,-120.0,0,LN/NY overlap,bullish,equilibrium,2,True
2026-04-02 19:00:00,2026-04-02 19:15:00,BUY,4674.48,4670.48,4670.48,A,28,SL,0.3,-40.0,-120.0,0,NY,bullish,equilibrium,2,False
