entry_time,exit_time,direction,entry_price,sl,tp1,tp2,tp3,tp4,tp5,grade,score,exit_reason,tp_hits,pnl_usd,balance,session,lot_per_order
2025-10-14 17:30:00,2025-10-14 17:45:00,BUY,4149.48,4145.48,4153.48,4157.48,4161.48,4165.48,4169.48,A,26,SL,,-20.0,1180.0,NY,0.01
2025-10-16 12:15:00,2025-10-16 12:30:00,BUY,4238.55,4234.55,4242.55,4246.55,4250.55,4254.55,4258.55,A+,28,SL,,-20.0,1160.0,LN/NY,0.01
2025-10-22 09:00:00,2025-10-22 09:15:00,SELL,4074.9,4078.9,4070.9,4066.9,4062.9,4058.9,4054.9,A+,36,SL,,-20.0,1140.0,London,0.01
2025-10-22 11:15:00,2025-10-22 11:30:00,SELL,4019.75,4023.75,4015.75,4011.75,4007.75,4003.75,3999.75,A+,31,SL,,-20.0,1120.0,London,0.01
2025-10-27 13:45:00,2025-10-27 14:00:00,SELL,4021.46,4021.26,4017.46,4013.46,4009.46,4005.46,4001.46,A+,33,TP5,"1,2,3,4,5",60.0,1180.0,LN/NY,0.01
2025-10-27 14:15:00,2025-10-27 14:45:00,SELL,3998.11,3997.9100000000003,3994.11,3990.11,3986.11,3982.11,3978.11,A+,33,SL@BE,"1,2,3",24.4,1204.4,LN/NY,0.01
2025-10-27 15:00:00,2025-10-27 15:15:00,SELL,3978.11,3982.11,3974.11,3970.11,3966.11,3962.11,3958.11,A+,33,SL,,-20.0,1184.4,LN/NY,0.01
2025-10-27 17:15:00,2025-10-27 17:45:00,SELL,4004.6,4004.4,4000.6,3996.6,3992.6,3988.6,3984.6,A+,31,SL@BE,1,4.8,1189.2,NY,0.01
2025-10-27 18:00:00,2025-10-27 19:15:00,SELL,4008.86,4008.6600000000003,4004.86,4000.86,3996.86,3992.86,3988.86,A+,31,TP5,"1,2,3,4,5",60.0,1249.2,NY,0.01
2025-10-28 07:00:00,2025-10-28 07:30:00,SELL,3945.89,3945.69,3941.89,3937.89,3933.89,3929.89,3925.89,A+,31,TP5,"1,2,3,4,5",60.0,1309.2,London,0.01
2025-10-28 07:45:00,2025-10-28 08:15:00,SELL,3931.81,3931.61,3927.81,3923.81,3919.81,3915.81,3911.81,A+,31,TP5,"1,2,3,4,5",60.0,1369.2,London,0.01
2025-10-28 08:30:00,2025-10-28 08:45:00,SELL,3904.92,3908.92,3900.92,3896.92,3892.92,3888.92,3884.92,A+,31,SL,,-20.0,1349.2,London,0.01
2025-10-28 10:45:00,2025-10-28 11:30:00,SELL,3925.96,3925.76,3921.96,3917.96,3913.96,3909.96,3905.96,A+,31,SL@BE,"1,2,3",24.4,1373.6,London,0.01
2025-10-28 12:30:00,2025-10-28 13:00:00,SELL,3915.61,3915.4100000000003,3911.61,3907.61,3903.61,3899.61,3895.61,A+,33,SL@BE,"1,2",12.6,1386.2,LN/NY,0.01
2025-10-28 13:15:00,2025-10-28 13:45:00,SELL,3931.98,3931.78,3927.98,3923.98,3919.98,3915.98,3911.98,A+,33,SL@BE,"1,2,3,4",40.2,1426.4,LN/NY,0.01
2025-10-29 14:30:00,2025-10-29 14:45:00,SELL,4009.72,4013.72,4005.72,4001.72,3997.72,3993.72,3989.72,A,25,SL,,-20.0,1406.4,LN/NY,0.01
2025-10-29 16:45:00,2025-10-29 17:00:00,SELL,3992.24,3996.24,3988.24,3984.24,3980.24,3976.24,3972.24,A+,36,SL,,-20.0,1386.4,NY,0.01
2025-10-31 16:15:00,2025-10-31 16:30:00,SELL,3985.39,3989.39,3981.39,3977.39,3973.39,3969.39,3965.39,A,27,SL,,-20.0,1366.4,NY,0.01
2025-10-31 18:30:00,2025-10-31 19:00:00,SELL,4003.38,4003.1800000000003,3999.38,3995.38,3991.38,3987.38,3983.38,A,26,SL@BE,1,4.8,1371.2,NY,0.01
2025-11-03 10:30:00,2025-11-03 11:00:00,SELL,3997.41,4001.41,3993.41,3989.41,3985.41,3981.41,3977.41,A+,31,SL,,-20.0,1351.2,London,0.01
2025-11-03 18:15:00,2025-11-03 18:30:00,SELL,4000.82,4004.82,3996.82,3992.82,3988.82,3984.82,3980.82,A,27,SL,,-20.0,1331.2,NY,0.01
2025-11-06 08:00:00,2025-11-06 09:45:00,BUY,4009.12,4009.3199999999997,4013.12,4017.12,4021.12,4025.12,4029.12,B,22,SL@BE,1,4.8,1336.0,London,0.01
2025-11-06 11:00:00,2025-11-06 12:30:00,BUY,4009.94,4010.14,4013.94,4017.94,4021.94,4025.94,4029.94,A,26,SL@BE,"1,2",12.6,1348.6,London,0.01
2025-11-06 14:15:00,2025-11-06 14:30:00,SELL,3991.34,3995.34,3987.34,3983.34,3979.34,3975.34,3971.34,A,24,SL,,-20.0,1328.6,LN/NY,0.01
2025-11-06 16:30:00,2025-11-06 16:45:00,SELL,3978.7,3982.7,3974.7,3970.7,3966.7,3962.7,3958.7,A,27,SL,,-20.0,1308.6,NY,0.01
2025-11-07 07:45:00,2025-11-07 08:15:00,BUY,4007.91,4003.91,4011.91,4015.91,4019.91,4023.91,4027.91,A,26,SL,,-20.0,1288.6,London,0.01
2025-11-07 12:15:00,2025-11-07 13:00:00,SELL,3997.88,3997.6800000000003,3993.88,3989.88,3985.88,3981.88,3977.88,A+,29,SL@BE,1,4.8,1293.4,LN/NY,0.01
2025-11-10 19:15:00,2025-11-10 19:30:00,BUY,4114.55,4110.55,4118.55,4122.55,4126.55,4130.55,4134.55,A+,31,SL,,-20.0,1273.4,NY,0.01
2025-11-11 10:30:00,2025-11-11 11:00:00,BUY,4139.56,4139.76,4143.56,4147.56,4151.56,4155.56,4159.56,A+,31,SL@BE,1,4.8,1278.2,London,0.01
2025-11-12 10:00:00,2025-11-12 10:15:00,BUY,4125.66,4121.66,4129.66,4133.66,4137.66,4141.66,4145.66,A,27,SL,,-20.0,1258.2,London,0.01
2025-11-13 10:15:00,2025-11-13 10:30:00,BUY,4235.03,4231.03,4239.03,4243.03,4247.03,4251.03,4255.03,A+,31,SL,,-20.0,1238.2,London,0.01
2025-11-18 17:30:00,2025-11-18 18:00:00,BUY,4073.14,4069.14,4077.14,4081.14,4085.14,4089.14,4093.14,A,27,SL,,-20.0,1218.2,NY,0.01
2025-11-19 07:00:00,2025-11-19 07:45:00,BUY,4087.39,4087.5899999999997,4091.39,4095.39,4099.39,4103.39,4107.39,A,27,SL@BE,"1,2",12.6,1230.8,London,0.01
2025-11-19 11:45:00,2025-11-19 12:15:00,BUY,4113.03,4113.23,4117.03,4121.03,4125.03,4129.03,4133.03,A+,31,SL@BE,1,4.8,1235.6,London,0.01
2025-11-19 12:30:00,2025-11-19 12:45:00,BUY,4117.45,4113.45,4121.45,4125.45,4129.45,4133.45,4137.45,A+,33,SL,,-20.0,1215.6,LN/NY,0.01
2025-11-19 17:45:00,2025-11-19 18:00:00,SELL,4078.31,4082.31,4074.31,4070.31,4066.31,4062.31,4058.31,B,22,SL,,-20.0,1195.6,NY,0.01
2025-11-20 17:45:00,2025-11-20 18:00:00,SELL,4065.64,4069.64,4061.64,4057.64,4053.64,4049.64,4045.64,A,26,SL,,-20.0,1175.6,NY,0.01
2025-11-21 15:15:00,2025-11-21 15:30:00,BUY,4069.1,4065.1,4073.1,4077.1,4081.1,4085.1,4089.1,A,24,SL,,-20.0,1155.6,LN/NY,0.01
2025-11-21 19:15:00,2025-11-21 19:30:00,BUY,4090.65,4086.65,4094.65,4098.65,4102.65,4106.65,4110.65,A+,31,SL,,-20.0,1135.6,NY,0.01
2025-11-24 09:00:00,2025-11-24 09:15:00,BUY,4072.16,4068.16,4076.16,4080.16,4084.16,4088.16,4092.16,A+,31,SL,,-20.0,1115.6,London,0.01
2025-11-24 12:30:00,2025-11-24 13:00:00,BUY,4079.06,4079.2599999999998,4083.06,4087.06,4091.06,4095.06,4099.06,A+,33,SL@BE,1,4.8,1120.4,LN/NY,0.01
2025-11-25 16:15:00,2025-11-25 16:30:00,BUY,4140.56,4136.56,4144.56,4148.56,4152.56,4156.56,4160.56,A,27,SL,,-20.0,1100.4,NY,0.01
2025-11-26 19:00:00,2025-11-26 19:30:00,BUY,4166.88,4162.88,4170.88,4174.88,4178.88,4182.88,4186.88,A+,31,SL,,-20.0,1080.4,NY,0.01
2025-11-27 09:30:00,2025-11-27 10:15:00,BUY,4157.53,4153.53,4161.53,4165.53,4169.53,4173.53,4177.53,A,27,SL,,-20.0,1060.4,London,0.01
2025-12-01 09:30:00,2025-12-01 09:45:00,BUY,4247.5,4243.5,4251.5,4255.5,4259.5,4263.5,4267.5,A+,31,SL,,-20.0,1040.4,London,0.01
2025-12-03 15:15:00,2025-12-03 15:45:00,BUY,4221.9,4222.099999999999,4225.9,4229.9,4233.9,4237.9,4241.9,A+,29,SL@BE,1,4.8,1045.2,LN/NY,0.01
2025-12-03 16:00:00,2025-12-03 16:15:00,BUY,4219.45,4215.45,4223.45,4227.45,4231.45,4235.45,4239.45,A+,31,SL,,-20.0,1025.2,NY,0.01
2025-12-04 11:30:00,2025-12-04 12:00:00,BUY,4200.31,4196.31,4204.31,4208.31,4212.31,4216.31,4220.31,B,22,SL,,-20.0,1005.2,London,0.01
2025-12-04 15:45:00,2025-12-04 16:30:00,BUY,4207.45,4207.65,4211.45,4215.45,4219.45,4223.45,4227.45,A+,29,SL@BE,"1,2",12.6,1017.8,LN/NY,0.01
2025-12-04 16:45:00,2025-12-04 17:00:00,BUY,4215.77,4211.77,4219.77,4223.77,4227.77,4231.77,4235.77,A,27,SL,,-20.0,997.8,NY,0.01
2025-12-05 07:00:00,2025-12-05 07:45:00,BUY,4227.41,4223.41,4231.41,4235.41,4239.41,4243.41,4247.41,A,27,SL,,-20.0,977.8,London,0.01
2025-12-05 09:45:00,2025-12-05 12:30:00,BUY,4223.48,4223.679999999999,4227.48,4231.48,4235.48,4239.48,4243.48,A+,31,SL@BE,1,4.8,982.6,London,0.01
2025-12-08 15:00:00,2025-12-08 15:15:00,SELL,4177.72,4181.72,4173.72,4169.72,4165.72,4161.72,4157.72,A+,28,SL,,-20.0,962.6,LN/NY,0.01
2025-12-09 07:00:00,2025-12-09 07:45:00,SELL,4182.3,4182.1,4178.3,4174.3,4170.3,4166.3,4162.3,A,26,SL@BE,1,4.8,967.4,London,0.01
2025-12-09 10:00:00,2025-12-09 12:15:00,BUY,4204.44,4200.44,4208.44,4212.44,4216.44,4220.44,4224.44,A,27,SL,,-20.0,947.4,London,0.01
2025-12-09 19:00:00,2025-12-09 19:30:00,BUY,4211.14,4207.14,4215.14,4219.14,4223.14,4227.14,4231.14,A+,31,SL,,-20.0,927.4,NY,0.01
2025-12-10 20:15:00,2025-12-10 21:00:00,BUY,4232.8,4233.0,4236.8,4240.8,4244.8,4248.8,4252.8,A,27,SL@BE,1,4.8,932.2,NY,0.01
2025-12-11 09:30:00,2025-12-11 10:15:00,BUY,4217.78,4217.98,4221.78,4225.78,4229.78,4233.78,4237.78,A+,28,SL@BE,1,4.8,937.0,London,0.01
2025-12-11 14:00:00,2025-12-11 14:15:00,BUY,4227.27,4223.27,4231.27,4235.27,4239.27,4243.27,4247.27,A+,29,SL,,-20.0,917.0,LN/NY,0.01
2025-12-11 16:15:00,2025-12-11 16:45:00,BUY,4257.24,4257.44,4261.24,4265.24,4269.24,4273.24,4277.24,A,27,TP5,"1,2,3,4,5",60.0,977.0,NY,0.01
2025-12-11 17:00:00,2025-12-11 17:30:00,BUY,4277.52,4273.52,4281.52,4285.52,4289.52,4293.52,4297.52,A,27,SL,,-20.0,957.0,NY,0.01
2025-12-12 12:00:00,2025-12-12 12:30:00,BUY,4333.03,4329.03,4337.03,4341.03,4345.03,4349.03,4353.03,A+,33,SL,,-20.0,937.0,LN/NY,0.01
2025-12-16 15:45:00,2025-12-16 16:00:00,BUY,4319.93,4315.93,4323.93,4327.93,4331.93,4335.93,4339.93,A+,29,SL,,-20.0,917.0,LN/NY,0.01
2025-12-16 19:00:00,2025-12-16 19:15:00,BUY,4305.99,4301.99,4309.99,4313.99,4317.99,4321.99,4325.99,A+,31,SL,,-20.0,897.0,NY,0.01
2025-12-18 15:00:00,2025-12-18 15:15:00,BUY,4330.78,4326.78,4334.78,4338.78,4342.78,4346.78,4350.78,A+,33,SL,,-20.0,877.0,LN/NY,0.01
2025-12-19 15:30:00,2025-12-19 20:30:00,BUY,4340.05,4340.25,4344.05,4348.05,4352.05,4356.05,4360.05,A+,29,SL@BE,"1,2,3,4",40.2,917.2,LN/NY,0.01
2025-12-22 07:00:00,2025-12-22 07:45:00,BUY,4412.92,4413.12,4416.92,4420.92,4424.92,4428.92,4432.92,A+,31,SL@BE,1,4.8,922.0,London,0.01
2025-12-22 08:00:00,2025-12-22 08:30:00,BUY,4412.22,4408.22,4416.22,4420.22,4424.22,4428.22,4432.22,A+,31,SL,,-20.0,902.0,London,0.01
2025-12-22 14:00:00,2025-12-22 14:30:00,BUY,4426.32,4422.32,4430.32,4434.32,4438.32,4442.32,4446.32,A+,33,SL,,-20.0,882.0,LN/NY,0.01
2025-12-23 13:00:00,2025-12-23 13:15:00,BUY,4494.46,4490.46,4498.46,4502.46,4506.46,4510.46,4514.46,A+,29,SL,,-20.0,862.0,LN/NY,0.01
2025-12-23 19:45:00,2025-12-23 21:00:00,BUY,4490.92,4491.12,4494.92,4498.92,4502.92,4506.92,4510.92,A+,31,SL@BE,"1,2",12.6,874.6,NY,0.01
2025-12-26 13:45:00,2025-12-26 14:30:00,BUY,4525.14,4525.34,4529.14,4533.14,4537.14,4541.14,4545.14,A+,38,SL@BE,1,4.8,879.4,LN/NY,0.01
2025-12-26 14:45:00,2025-12-26 15:30:00,BUY,4520.98,4521.179999999999,4524.98,4528.98,4532.98,4536.98,4540.98,A+,33,TP5,"1,2,3,4,5",60.0,939.4,LN/NY,0.01
2025-12-30 14:30:00,2025-12-30 15:00:00,SELL,4370.78,4370.58,4366.78,4362.78,4358.78,4354.78,4350.78,A,24,SL@BE,"1,2,3",24.4,963.8,LN/NY,0.01
2025-12-30 15:15:00,2025-12-30 15:30:00,SELL,4365.56,4369.56,4361.56,4357.56,4353.56,4349.56,4345.56,A+,29,SL,,-20.0,943.8,LN/NY,0.01
2025-12-31 20:45:00,2025-12-31 21:30:00,SELL,4312.74,4312.54,4308.74,4304.74,4300.74,4296.74,4292.74,A,27,SL@BE,1,4.8,948.6,NY,0.01
2026-01-02 17:00:00,2026-01-02 17:30:00,SELL,4329.68,4329.4800000000005,4325.68,4321.68,4317.68,4313.68,4309.68,B,22,SL@BE,1,4.8,953.4,NY,0.01
2026-01-02 17:45:00,2026-01-02 19:15:00,SELL,4322.52,4322.320000000001,4318.52,4314.52,4310.52,4306.52,4302.52,B,22,SL@BE,"1,2,3",24.4,977.8,NY,0.01
2026-01-06 14:30:00,2026-01-06 15:00:00,BUY,4479.35,4479.55,4483.35,4487.35,4491.35,4495.35,4499.35,A+,33,SL@BE,"1,2",12.6,990.4,LN/NY,0.01
2026-01-06 15:15:00,2026-01-06 15:30:00,BUY,4480.88,4476.88,4484.88,4488.88,4492.88,4496.88,4500.88,A+,33,SL,,-20.0,970.4,LN/NY,0.01
2026-01-07 17:30:00,2026-01-07 17:45:00,BUY,4456.93,4452.93,4460.93,4464.93,4468.93,4472.93,4476.93,A,27,SL,,-20.0,950.4,NY,0.01
2026-01-07 19:45:00,2026-01-07 20:30:00,BUY,4457.18,4457.38,4461.18,4465.18,4469.18,4473.18,4477.18,A,27,SL@BE,1,4.8,955.2,NY,0.01
2026-01-08 15:00:00,2026-01-08 15:15:00,BUY,4448.15,4444.15,4452.15,4456.15,4460.15,4464.15,4468.15,A+,29,SL,,-20.0,935.2,LN/NY,0.01
2026-01-08 17:15:00,2026-01-08 18:00:00,BUY,4461.7,4457.7,4465.7,4469.7,4473.7,4477.7,4481.7,A,27,SL,,-20.0,915.2,NY,0.01
2026-01-09 14:15:00,2026-01-09 14:30:00,BUY,4494.26,4490.26,4498.26,4502.26,4506.26,4510.26,4514.26,A+,33,SL,,-20.0,895.2,LN/NY,0.01
2026-01-09 16:30:00,2026-01-09 17:15:00,BUY,4504.7,4504.9,4508.7,4512.7,4516.7,4520.7,4524.7,A+,31,SL@BE,1,4.8,900.0,NY,0.01
2026-01-09 17:30:00,2026-01-09 17:45:00,BUY,4501.9,4497.9,4505.9,4509.9,4513.9,4517.9,4521.9,A+,31,SL,,-20.0,880.0,NY,0.01
2026-01-12 15:00:00,2026-01-12 15:15:00,BUY,4617.45,4613.45,4621.45,4625.45,4629.45,4633.45,4637.45,A+,34,SL,,-20.0,860.0,LN/NY,0.01
2026-01-13 16:00:00,2026-01-13 16:15:00,BUY,4612.57,4608.57,4616.57,4620.57,4624.57,4628.57,4632.57,A+,31,SL,,-20.0,840.0,NY,0.01
2026-01-14 13:30:00,2026-01-14 13:45:00,BUY,4636.97,4632.97,4640.97,4644.97,4648.97,4652.97,4656.97,A+,33,SL,,-20.0,820.0,LN/NY,0.01
2026-01-14 19:45:00,2026-01-14 20:00:00,BUY,4639.3,4635.3,4643.3,4647.3,4651.3,4655.3,4659.3,A+,31,SL,,-20.0,800.0,NY,0.01
2026-01-15 12:15:00,2026-01-15 12:45:00,BUY,4616.66,4612.66,4620.66,4624.66,4628.66,4632.66,4636.66,A+,29,SL,,-20.0,780.0,LN/NY,0.01
2026-01-16 07:00:00,2026-01-16 07:15:00,BUY,4610.11,4606.11,4614.11,4618.11,4622.11,4626.11,4630.11,A,27,SL,,-20.0,760.0,London,0.01
2026-01-16 15:00:00,2026-01-16 15:15:00,BUY,4616.05,4612.05,4620.05,4624.05,4628.05,4632.05,4636.05,A+,33,SL,,-20.0,740.0,LN/NY,0.01
2026-01-19 13:15:00,2026-01-19 13:30:00,BUY,4671.93,4667.93,4675.93,4679.93,4683.93,4687.93,4691.93,A+,29,SL,,-20.0,720.0,LN/NY,0.01
2026-01-19 17:30:00,2026-01-19 19:00:00,BUY,4676.36,4672.36,4680.36,4684.36,4688.36,4692.36,4696.36,A,27,SL,,-20.0,700.0,NY,0.01
2026-01-20 07:00:00,2026-01-20 07:45:00,BUY,4715.64,4715.84,4719.64,4723.64,4727.64,4731.64,4735.64,A+,31,SL@BE,1,4.8,704.8,London,0.01
2026-01-20 08:00:00,2026-01-20 08:15:00,BUY,4724.61,4720.61,4728.61,4732.61,4736.61,4740.61,4744.61,A+,31,SL,,-20.0,684.8,London,0.01
2026-01-20 10:15:00,2026-01-20 10:30:00,BUY,4727.86,4723.86,4731.86,4735.86,4739.86,4743.86,4747.86,A+,31,SL,,-20.0,664.8,London,0.01
2026-01-21 07:45:00,2026-01-21 08:45:00,BUY,4855.36,4855.5599999999995,4859.36,4863.36,4867.36,4871.36,4875.36,A+,31,SL@BE,"1,2,3",24.4,689.2,London,0.01
2026-01-22 19:45:00,2026-01-22 21:30:00,BUY,4911.88,4912.08,4915.88,4919.88,4923.88,4927.88,4931.88,A+,32,TP5,"1,2,3,4,5",60.0,749.2,NY,0.01
2026-01-23 13:45:00,2026-01-23 14:00:00,BUY,4939.24,4935.24,4943.24,4947.24,4951.24,4955.24,4959.24,A+,33,SL,,-20.0,729.2,LN/NY,0.01
2026-01-26 17:30:00,2026-01-26 17:45:00,BUY,5102.39,5098.39,5106.39,5110.39,5114.39,5118.39,5122.39,A+,36,SL,,-20.0,709.2,NY,0.01
2026-01-27 09:15:00,2026-01-27 09:45:00,BUY,5088.52,5088.72,5092.52,5096.52,5100.52,5104.52,5108.52,A+,31,SL@BE,1,4.8,714.0,London,0.01
2026-01-27 10:00:00,2026-01-27 10:15:00,BUY,5096.64,5092.64,5100.64,5104.64,5108.64,5112.64,5116.64,A+,36,SL,,-20.0,694.0,London,0.01
2026-01-27 17:00:00,2026-01-27 17:15:00,BUY,5091.49,5087.49,5095.49,5099.49,5103.49,5107.49,5111.49,A+,36,SL,,-20.0,674.0,NY,0.01
2026-01-28 14:45:00,2026-01-28 15:00:00,BUY,5286.24,5282.24,5290.24,5294.24,5298.24,5302.24,5306.24,A+,33,SL,,-20.0,654.0,LN/NY,0.01
2026-01-28 19:30:00,2026-01-28 19:45:00,BUY,5310.91,5306.91,5314.91,5318.91,5322.91,5326.91,5330.91,A+,31,SL,,-20.0,634.0,NY,0.01
2026-01-29 14:15:00,2026-01-29 14:30:00,BUY,5543.6,5539.6,5547.6,5551.6,5555.6,5559.6,5563.6,A+,29,SL,,-20.0,614.0,LN/NY,0.01
2026-01-30 14:30:00,2026-01-30 14:45:00,SELL,5079.68,5083.68,5075.68,5071.68,5067.68,5063.68,5059.68,A+,28,SL,,-20.0,594.0,LN/NY,0.01
2026-02-02 16:45:00,2026-02-02 17:00:00,SELL,4665.23,4669.23,4661.23,4657.23,4653.23,4649.23,4645.23,A,26,SL,,-20.0,574.0,NY,0.01
2026-02-03 10:15:00,2026-02-03 10:45:00,BUY,4914.77,4914.97,4918.77,4922.77,4926.77,4930.77,4934.77,A,26,SL@BE,"1,2",12.6,586.6,London,0.01
2026-02-03 13:15:00,2026-02-03 13:30:00,BUY,4934.11,4930.11,4938.11,4942.11,4946.11,4950.11,4954.11,A+,28,SL,,-20.0,566.6,LN/NY,0.01
2026-02-05 12:00:00,2026-02-05 12:15:00,SELL,4839.35,4843.35,4835.35,4831.35,4827.35,4823.35,4819.35,A+,28,SL,,-20.0,546.6,LN/NY,0.01
2026-02-05 14:15:00,2026-02-05 14:30:00,SELL,4834.72,4838.72,4830.72,4826.72,4822.72,4818.72,4814.72,A+,28,SL,,-20.0,526.6,LN/NY,0.01
2026-02-09 17:30:00,2026-02-09 17:45:00,BUY,5062.48,5058.48,5066.48,5070.48,5074.48,5078.48,5082.48,A+,31,SL,,-20.0,506.6,NY,0.01
2026-02-10 09:45:00,2026-02-10 10:00:00,BUY,5046.84,5042.84,5050.84,5054.84,5058.84,5062.84,5066.84,A+,31,SL,,-20.0,486.6,London,0.01
2026-02-12 16:00:00,2026-02-12 16:15:00,SELL,4950.68,4954.68,4946.68,4942.68,4938.68,4934.68,4930.68,B,22,SL,,-20.0,466.6,NY,0.01
2026-02-16 08:45:00,2026-02-16 09:45:00,BUY,5008.12,5008.32,5012.12,5016.12,5020.12,5024.12,5028.12,A+,31,SL@BE,1,4.8,471.4,London,0.01
2026-02-16 10:00:00,2026-02-16 10:30:00,BUY,5007.56,5007.76,5011.56,5015.56,5019.56,5023.56,5027.56,A+,31,SL@BE,1,4.8,476.2,London,0.01
2026-02-16 14:00:00,2026-02-16 14:15:00,SELL,4994.65,4998.65,4990.65,4986.65,4982.65,4978.65,4974.65,A,24,SL,,-20.0,456.2,LN/NY,0.01
2026-02-17 13:45:00,2026-02-17 14:00:00,SELL,4870.18,4874.18,4866.18,4862.18,4858.18,4854.18,4850.18,A+,33,SL,,-20.0,436.2,LN/NY,0.01
2026-02-18 07:00:00,2026-02-18 07:15:00,BUY,4938.47,4934.47,4942.47,4946.47,4950.47,4954.47,4958.47,A+,31,SL,,-20.0,416.2,London,0.01
2026-02-18 10:00:00,2026-02-18 10:15:00,SELL,4919.59,4923.59,4915.59,4911.59,4907.59,4903.59,4899.59,A,24,SL,,-20.0,396.2,London,0.01
2026-02-19 07:45:00,2026-02-19 08:00:00,BUY,5010.32,5006.32,5014.32,5018.32,5022.32,5026.32,5030.32,A+,31,SL,,-20.0,376.2,London,0.01
2026-02-19 15:15:00,2026-02-19 15:45:00,BUY,5016.03,5016.23,5020.03,5024.03,5028.03,5032.03,5036.03,A+,33,SL@BE,1,4.8,381.0,LN/NY,0.01
2026-02-19 16:00:00,2026-02-19 16:15:00,BUY,5005.43,5001.43,5009.43,5013.43,5017.43,5021.43,5025.43,A+,31,SL,,-20.0,361.0,NY,0.01
2026-02-20 08:45:00,2026-02-20 09:45:00,BUY,5028.95,5029.15,5032.95,5036.95,5040.95,5044.95,5048.95,A,27,SL@BE,"1,2,3",24.4,385.4,London,0.01
2026-02-20 10:30:00,2026-02-20 10:45:00,BUY,5033.94,5029.94,5037.94,5041.94,5045.94,5049.94,5053.94,A,27,SL,,-20.0,365.4,London,0.01
2026-02-20 19:00:00,2026-02-20 20:45:00,BUY,5071.55,5071.75,5075.55,5079.55,5083.55,5087.55,5091.55,A+,31,TP5,"1,2,3,4,5",60.0,425.4,NY,0.01
2026-02-23 14:15:00,2026-02-23 14:30:00,BUY,5165.4,5165.599999999999,5169.4,5173.4,5177.4,5181.4,5185.4,A+,33,TP5,"1,2,3,4,5",60.0,485.4,LN/NY,0.01
2026-02-23 16:45:00,2026-02-23 17:00:00,BUY,5210.01,5206.01,5214.01,5218.01,5222.01,5226.01,5230.01,A+,31,SL,,-20.0,465.4,NY,0.01
2026-02-24 18:45:00,2026-02-24 19:00:00,BUY,5160.09,5156.09,5164.09,5168.09,5172.09,5176.09,5180.09,A+,31,SL,,-20.0,445.4,NY,0.01
2026-02-25 15:45:00,2026-02-25 16:00:00,BUY,5194.95,5190.95,5198.95,5202.95,5206.95,5210.95,5214.95,A+,33,SL,,-20.0,425.4,LN/NY,0.01
2026-02-27 12:45:00,2026-02-27 13:00:00,BUY,5187.44,5187.639999999999,5191.44,5195.44,5199.44,5203.44,5207.44,A+,38,TP5,"1,2,3,4,5",60.0,485.4,LN/NY,0.01
2026-02-27 13:15:00,2026-02-27 13:30:00,BUY,5235.01,5231.01,5239.01,5243.01,5247.01,5251.01,5255.01,A+,33,SL,,-20.0,465.4,LN/NY,0.01
2026-02-27 15:30:00,2026-02-27 16:00:00,BUY,5231.11,5231.3099999999995,5235.11,5239.11,5243.11,5247.11,5251.11,A+,33,TP5,"1,2,3,4,5",60.0,525.4,LN/NY,0.01
2026-02-27 16:15:00,2026-02-27 16:30:00,BUY,5234.02,5230.02,5238.02,5242.02,5246.02,5250.02,5254.02,A+,31,SL,,-20.0,505.4,NY,0.01
2026-03-02 20:45:00,2026-03-02 21:15:00,BUY,5332.3,5332.5,5336.3,5340.3,5344.3,5348.3,5352.3,A,24,SL@BE,1,4.8,510.2,NY,0.01
2026-03-03 11:00:00,2026-03-03 11:15:00,SELL,5197.26,5201.26,5193.26,5189.26,5185.26,5181.26,5177.26,B,22,SL,,-20.0,490.2,London,0.01
2026-03-03 13:15:00,2026-03-03 13:30:00,SELL,5177.06,5181.06,5173.06,5169.06,5165.06,5161.06,5157.06,A+,28,SL,,-20.0,470.2,LN/NY,0.01
2026-03-04 09:15:00,2026-03-04 10:00:00,BUY,5170.76,5170.96,5174.76,5178.76,5182.76,5186.76,5190.76,A+,31,TP5,"1,2,3,4,5",60.0,530.2,London,0.01
2026-03-04 10:15:00,2026-03-04 10:30:00,BUY,5188.02,5184.02,5192.02,5196.02,5200.02,5204.02,5208.02,A,26,SL,,-20.0,510.2,London,0.01
2026-03-04 15:45:00,2026-03-04 16:00:00,SELL,5150.7,5154.7,5146.7,5142.7,5138.7,5134.7,5130.7,A,24,SL,,-20.0,490.2,LN/NY,0.01
2026-03-05 16:45:00,2026-03-05 17:00:00,SELL,5077.1,5081.1,5073.1,5069.1,5065.1,5061.1,5057.1,B,22,SL,,-20.0,470.2,NY,0.01
2026-03-06 08:15:00,2026-03-06 08:30:00,SELL,5099.89,5103.89,5095.89,5091.89,5087.89,5083.89,5079.89,B,22,SL,,-20.0,450.2,London,0.01
2026-03-06 14:45:00,2026-03-06 15:00:00,BUY,5130.14,5130.34,5134.14,5138.14,5142.14,5146.14,5150.14,A+,29,TP5,"1,2,3,4,5",60.0,510.2,LN/NY,0.01
2026-03-06 15:15:00,2026-03-06 15:30:00,BUY,5161.6,5157.6,5165.6,5169.6,5173.6,5177.6,5181.6,A,24,SL,,-20.0,490.2,LN/NY,0.01
2026-03-09 13:30:00,2026-03-09 13:45:00,SELL,5075.51,5079.51,5071.51,5067.51,5063.51,5059.51,5055.51,A+,28,SL,,-20.0,470.2,LN/NY,0.01
2026-03-09 20:45:00,2026-03-09 22:00:00,BUY,5139.24,5135.24,5143.24,5147.24,5151.24,5155.24,5159.24,B,22,SL,,-20.0,450.2,NY,0.01
2026-03-10 14:00:00,2026-03-10 15:00:00,BUY,5195.34,5195.54,5199.34,5203.34,5207.34,5211.34,5215.34,A+,33,TP5,"1,2,3,4,5",60.0,510.2,LN/NY,0.01
2026-03-12 10:00:00,2026-03-12 10:15:00,BUY,5187.12,5183.12,5191.12,5195.12,5199.12,5203.12,5207.12,A,27,SL,,-20.0,490.2,London,0.01
2026-03-12 13:15:00,2026-03-12 13:45:00,SELL,5170.68,5170.4800000000005,5166.68,5162.68,5158.68,5154.68,5150.68,A,26,TP5,"1,2,3,4,5",60.0,550.2,LN/NY,0.01
2026-03-12 14:00:00,2026-03-12 14:30:00,SELL,5160.52,5160.320000000001,5156.52,5152.52,5148.52,5144.52,5140.52,A,24,TP5,"1,2,3,4,5",60.0,610.2,LN/NY,0.01
2026-03-12 14:45:00,2026-03-12 15:00:00,SELL,5142.38,5142.18,5138.38,5134.38,5130.38,5126.38,5122.38,A,24,TP5,"1,2,3,4,5",60.0,670.2,LN/NY,0.01
2026-03-12 15:15:00,2026-03-12 15:30:00,SELL,5128.7,5132.7,5124.7,5120.7,5116.7,5112.7,5108.7,A,24,SL,,-20.0,650.2,LN/NY,0.01
2026-03-13 15:30:00,2026-03-13 15:45:00,SELL,5046.18,5050.18,5042.18,5038.18,5034.18,5030.18,5026.18,A+,29,SL,,-20.0,630.2,LN/NY,0.01
2026-03-13 19:15:00,2026-03-13 19:45:00,SELL,5034.59,5034.39,5030.59,5026.59,5022.59,5018.59,5014.59,A+,31,TP5,"1,2,3,4,5",60.0,690.2,NY,0.01
2026-03-16 10:45:00,2026-03-16 11:00:00,SELL,4998.19,5002.19,4994.19,4990.19,4986.19,4982.19,4978.19,A+,31,SL,,-20.0,670.2,London,0.01
2026-03-16 17:45:00,2026-03-16 18:00:00,SELL,4990.8,4994.8,4986.8,4982.8,4978.8,4974.8,4970.8,A+,31,SL,,-20.0,650.2,NY,0.01
2026-03-17 11:45:00,2026-03-17 12:00:00,SELL,5002.72,5006.72,4998.72,4994.72,4990.72,4986.72,4982.72,A+,32,SL,,-20.0,630.2,London,0.01
2026-03-18 08:30:00,2026-03-18 08:45:00,SELL,4983.88,4987.88,4979.88,4975.88,4971.88,4967.88,4963.88,A+,31,SL,,-20.0,610.2,London,0.01
2026-03-18 10:45:00,2026-03-18 11:15:00,SELL,4967.32,4967.12,4963.32,4959.32,4955.32,4951.32,4947.32,A+,31,SL@BE,"1,2,3,4",40.2,650.4,London,0.01
2026-03-18 11:30:00,2026-03-18 11:45:00,SELL,4938.68,4942.68,4934.68,4930.68,4926.68,4922.68,4918.68,A+,31,SL,,-20.0,630.4,London,0.01
2026-03-23 16:30:00,2026-03-23 16:45:00,SELL,4385.55,4389.55,4381.55,4377.55,4373.55,4369.55,4365.55,A+,28,SL,,-20.0,610.4,NY,0.01
2026-03-24 12:30:00,2026-03-24 12:45:00,SELL,4369.09,4373.09,4365.09,4361.09,4357.09,4353.09,4349.09,A+,29,SL,,-20.0,590.4,LN/NY,0.01
2026-03-25 07:30:00,2026-03-25 08:00:00,SELL,4546.05,4545.85,4542.05,4538.05,4534.05,4530.05,4526.05,A,24,SL@BE,"1,2",12.6,603.0,London,0.01
2026-03-25 19:45:00,2026-03-25 20:00:00,SELL,4530.53,4534.53,4526.53,4522.53,4518.53,4514.53,4510.53,A,26,SL,,-20.0,583.0,NY,0.01
2026-03-26 07:00:00,2026-03-26 07:15:00,SELL,4447.34,4451.34,4443.34,4439.34,4435.34,4431.34,4427.34,A+,31,SL,,-20.0,563.0,London,0.01
2026-03-27 10:30:00,2026-03-27 11:00:00,SELL,4415.27,4415.070000000001,4411.27,4407.27,4403.27,4399.27,4395.27,A+,36,SL@BE,1,4.8,567.8,London,0.01
2026-03-27 11:15:00,2026-03-27 11:30:00,SELL,4414.85,4418.85,4410.85,4406.85,4402.85,4398.85,4394.85,A+,31,SL,,-20.0,547.8,London,0.01
2026-03-31 13:45:00,2026-03-31 14:00:00,BUY,4607.01,4603.01,4611.01,4615.01,4619.01,4623.01,4627.01,A+,28,SL,,-20.0,527.8,LN/NY,0.01
2026-04-01 08:15:00,2026-04-01 08:30:00,BUY,4730.53,4726.53,4734.53,4738.53,4742.53,4746.53,4750.53,A,26,SL,,-20.0,507.8,London,0.01
2026-04-02 15:15:00,2026-04-02 15:30:00,BUY,4672.35,4668.35,4676.35,4680.35,4684.35,4688.35,4692.35,A+,28,SL,,-20.0,487.8,LN/NY,0.01
2026-04-02 19:00:00,2026-04-02 19:15:00,BUY,4674.48,4670.48,4678.48,4682.48,4686.48,4690.48,4694.48,B,22,SL,,-20.0,467.8,NY,0.01
