entry_time,exit_time,direction,entry_price,sl,sl_pips,tp1,tp2,tp3,tp4,tp5,grade,score,exit_reason,tp_hits,pnl_usd,balance,session,lot_per_order
2025-10-14 17:30:00,2025-10-16 12:30:00,BUY,4149.48,4149.679999999999,200,4169.48,4189.48,4209.48,4229.48,4249.48,A,26,TP5,"1,2,3,4,5",300.0,1500.0,NY,0.01
2025-10-16 12:45:00,2025-10-16 22:00:00,BUY,4236.11,4236.3099999999995,200,4256.11,4276.11,4296.11,4316.11,4336.11,A+,28,TP5,"1,2,3,4,5",300.0,1800.0,LN/NY,0.01
2025-10-22 09:00:00,2025-10-22 13:30:00,SELL,4074.9,4074.7000000000003,200,4054.9,4034.9,4014.9,3994.9,3974.9,A+,36,SL@BE,"1,2,3",120.4,1920.4,London,0.01
2025-10-27 13:45:00,2025-10-28 07:30:00,SELL,4021.46,4021.26,200,4001.46,3981.46,3961.46,3941.46,3921.46,A+,33,TP5,"1,2,3,4,5",300.0,2220.4,LN/NY,0.01
2025-10-28 07:45:00,2025-10-28 13:15:00,SELL,3931.81,3931.61,200,3911.81,3891.81,3871.81,3851.81,3831.81,A+,31,SL@BE,"1,2",60.6,2281.0,London,0.01
2025-10-29 14:30:00,2025-10-30 09:15:00,SELL,4009.72,4009.52,200,3989.72,3969.72,3949.72,3929.72,3909.72,A,25,SL@BE,"1,2,3,4",200.2,2481.2,LN/NY,0.01
2025-10-31 16:15:00,2025-10-31 18:00:00,SELL,3985.39,4005.39,200,3965.39,3945.39,3925.39,3905.39,3885.39,A,27,SL,,-100.0,2381.2,NY,0.01
2025-11-03 10:30:00,2025-11-03 13:00:00,SELL,3997.41,4017.41,200,3977.41,3957.41,3937.41,3917.41,3897.41,A+,31,SL,,-100.0,2281.2,London,0.01
2025-11-03 18:15:00,2025-11-06 07:15:00,SELL,4000.82,4000.6200000000003,200,3980.82,3960.82,3940.82,3920.82,3900.82,A,27,SL@BE,"1,2,3",120.4,2401.6,NY,0.01
2025-11-06 08:00:00,2025-11-06 14:15:00,BUY,4009.12,3989.12,200,4029.12,4049.12,4069.12,4089.12,4109.12,B,22,SL,,-100.0,2301.6,London,0.01
2025-11-06 16:15:00,2025-11-07 06:45:00,SELL,3983.23,4003.23,200,3963.23,3943.23,3923.23,3903.23,3883.23,A,27,SL,,-100.0,2201.6,NY,0.01
2025-11-07 12:15:00,2025-11-07 16:30:00,SELL,3997.88,4017.88,200,3977.88,3957.88,3937.88,3917.88,3897.88,A+,29,SL,,-100.0,2101.6,LN/NY,0.01
2025-11-10 19:15:00,2025-11-11 15:15:00,BUY,4114.55,4114.75,200,4134.55,4154.55,4174.55,4194.55,4214.55,A+,31,SL@BE,1,20.8,2122.4,NY,0.01
2025-11-12 10:00:00,2025-11-13 08:00:00,BUY,4125.66,4125.86,200,4145.66,4165.66,4185.66,4205.66,4225.66,A,27,TP5,"1,2,3,4,5",300.0,2422.4,London,0.01
2025-11-13 10:15:00,2025-11-13 14:00:00,BUY,4235.03,4215.03,200,4255.03,4275.03,4295.03,4315.03,4335.03,A+,31,SL,,-100.0,2322.4,London,0.01
2025-11-18 17:30:00,2025-11-19 16:15:00,BUY,4073.14,4073.3399999999997,200,4093.14,4113.14,4133.14,4153.14,4173.14,A,27,SL@BE,"1,2",60.6,2383.0,NY,0.01
2025-11-19 17:45:00,2025-11-19 23:30:00,SELL,4078.31,4098.31,200,4058.31,4038.31,4018.31,3998.31,3978.31,B,22,SL,,-100.0,2283.0,NY,0.01
2025-11-20 17:45:00,2025-11-20 19:15:00,SELL,4065.64,4085.64,200,4045.64,4025.64,4005.64,3985.64,3965.64,A,26,SL,,-100.0,2183.0,NY,0.01
2025-11-21 15:15:00,2025-11-21 20:15:00,BUY,4069.1,4069.2999999999997,200,4089.1,4109.1,4129.1,4149.1,4169.1,A,24,SL@BE,1,20.8,2203.8,LN/NY,0.01
2025-11-24 09:00:00,2025-11-26 11:30:00,BUY,4072.16,4072.3599999999997,200,4092.16,4112.16,4132.16,4152.16,4172.16,A+,31,TP5,"1,2,3,4,5",300.0,2503.8,London,0.01
2025-11-26 19:00:00,2025-11-27 02:45:00,BUY,4166.88,4146.88,200,4186.88,4206.88,4226.88,4246.88,4266.88,A+,31,SL,,-100.0,2403.8,NY,0.01
2025-11-27 09:30:00,2025-11-28 08:15:00,BUY,4157.53,4157.73,200,4177.53,4197.53,4217.53,4237.53,4257.53,A,27,SL@BE,1,20.8,2424.6,London,0.01
2025-12-01 09:30:00,2025-12-01 14:30:00,BUY,4247.5,4227.5,200,4267.5,4287.5,4307.5,4327.5,4347.5,A+,31,SL,,-100.0,2324.6,London,0.01
2025-12-03 15:15:00,2025-12-03 16:45:00,BUY,4221.9,4201.9,200,4241.9,4261.9,4281.9,4301.9,4321.9,A+,29,SL,,-100.0,2224.6,LN/NY,0.01
2025-12-04 11:30:00,2025-12-05 16:15:00,BUY,4200.31,4200.51,200,4220.31,4240.31,4260.31,4280.31,4300.31,B,22,SL@BE,"1,2",60.6,2285.2,London,0.01
2025-12-08 15:00:00,2025-12-09 03:15:00,SELL,4177.72,4197.72,200,4157.72,4137.72,4117.72,4097.72,4077.72,A+,28,SL,,-100.0,2185.2,LN/NY,0.01
2025-12-09 07:00:00,2025-12-09 09:00:00,SELL,4182.3,4202.3,200,4162.3,4142.3,4122.3,4102.3,4082.3,A,26,SL,,-100.0,2085.2,London,0.01
2025-12-10 20:15:00,2025-12-11 03:00:00,BUY,4232.8,4212.8,200,4252.8,4272.8,4292.8,4312.8,4332.8,A,27,SL,,-100.0,1985.2,NY,0.01
2025-12-11 09:30:00,2025-12-12 09:45:00,BUY,4217.78,4217.98,200,4237.78,4257.78,4277.78,4297.78,4317.78,A+,28,TP5,"1,2,3,4,5",300.0,2285.2,London,0.01
2025-12-12 12:00:00,2025-12-12 15:15:00,BUY,4333.03,4333.23,200,4353.03,4373.03,4393.03,4413.03,4433.03,A+,33,SL@BE,1,20.8,2306.0,LN/NY,0.01
2025-12-16 15:45:00,2025-12-16 16:30:00,BUY,4319.93,4299.93,200,4339.93,4359.93,4379.93,4399.93,4419.93,A+,29,SL,,-100.0,2206.0,LN/NY,0.01
2025-12-16 19:00:00,2025-12-22 05:30:00,BUY,4305.99,4306.19,200,4325.99,4345.99,4365.99,4385.99,4405.99,A+,31,TP5,"1,2,3,4,5",300.0,2506.0,NY,0.01
2025-12-22 07:00:00,2025-12-24 00:15:00,BUY,4412.92,4413.12,200,4432.92,4452.92,4472.92,4492.92,4512.92,A+,31,TP5,"1,2,3,4,5",300.0,2806.0,London,0.01
2025-12-26 13:45:00,2025-12-26 17:00:00,BUY,4525.14,4525.34,200,4545.14,4565.14,4585.14,4605.14,4625.14,A+,38,SL@BE,1,20.8,2826.8,LN/NY,0.01
2025-12-30 14:30:00,2025-12-31 01:45:00,SELL,4370.78,4370.58,200,4350.78,4330.78,4310.78,4290.78,4270.78,A,24,SL@BE,"1,2",60.6,2887.4,LN/NY,0.01
2025-12-31 20:45:00,2026-01-01 23:00:00,SELL,4312.74,4332.74,200,4292.74,4272.74,4252.74,4232.74,4212.74,A,27,SL,,-100.0,2787.4,NY,0.01
2026-01-02 17:00:00,2026-01-02 20:45:00,SELL,4329.68,4329.4800000000005,200,4309.68,4289.68,4269.68,4249.68,4229.68,B,22,SL@BE,1,20.8,2808.2,NY,0.01
2026-01-06 14:30:00,2026-01-07 01:00:00,BUY,4479.35,4479.55,200,4499.35,4519.35,4539.35,4559.35,4579.35,A+,33,SL@BE,1,20.8,2829.0,LN/NY,0.01
2026-01-07 17:30:00,2026-01-08 02:30:00,BUY,4456.93,4436.93,200,4476.93,4496.93,4516.93,4536.93,4556.93,A,27,SL,,-100.0,2729.0,NY,0.01
2026-01-08 15:00:00,2026-01-12 00:00:00,BUY,4448.15,4448.349999999999,200,4468.15,4488.15,4508.15,4528.15,4548.15,A+,29,TP5,"1,2,3,4,5",300.0,3029.0,LN/NY,0.01
2026-01-12 15:00:00,2026-01-12 20:30:00,BUY,4617.45,4597.45,200,4637.45,4657.45,4677.45,4697.45,4717.45,A+,34,SL,,-100.0,2929.0,LN/NY,0.01
2026-01-13 16:00:00,2026-01-13 17:45:00,BUY,4612.57,4592.57,200,4632.57,4652.57,4672.57,4692.57,4712.57,A+,31,SL,,-100.0,2829.0,NY,0.01
2026-01-14 13:30:00,2026-01-14 14:30:00,BUY,4636.97,4616.97,200,4656.97,4676.97,4696.97,4716.97,4736.97,A+,33,SL,,-100.0,2729.0,LN/NY,0.01
2026-01-14 19:45:00,2026-01-14 21:30:00,BUY,4639.3,4619.3,200,4659.3,4679.3,4699.3,4719.3,4739.3,A+,31,SL,,-100.0,2629.0,NY,0.01
2026-01-15 12:15:00,2026-01-15 13:30:00,BUY,4616.66,4596.66,200,4636.66,4656.66,4676.66,4696.66,4716.66,A+,29,SL,,-100.0,2529.0,LN/NY,0.01
2026-01-16 07:00:00,2026-01-16 13:15:00,BUY,4610.11,4590.11,200,4630.11,4650.11,4670.11,4690.11,4710.11,A,27,SL,,-100.0,2429.0,London,0.01
2026-01-19 13:15:00,2026-01-20 23:30:00,BUY,4671.93,4672.13,200,4691.93,4711.93,4731.93,4751.93,4771.93,A+,29,TP5,"1,2,3,4,5",300.0,2729.0,LN/NY,0.01
2026-01-21 07:45:00,2026-01-21 11:45:00,BUY,4855.36,4855.5599999999995,200,4875.36,4895.36,4915.36,4935.36,4955.36,A+,31,SL@BE,1,20.8,2749.8,London,0.01
2026-01-22 19:45:00,2026-01-23 08:15:00,BUY,4911.88,4912.08,200,4931.88,4951.88,4971.88,4991.88,5011.88,A+,32,SL@BE,"1,2",60.6,2810.4,NY,0.01
2026-01-23 13:45:00,2026-01-26 00:00:00,BUY,4939.24,4939.44,200,4959.24,4979.24,4999.24,5019.24,5039.24,A+,33,TP5,"1,2,3,4,5",300.0,3110.4,LN/NY,0.01
2026-01-26 17:30:00,2026-01-26 18:00:00,BUY,5102.39,5082.39,200,5122.39,5142.39,5162.39,5182.39,5202.39,A+,36,SL,,-100.0,3010.4,NY,0.01
2026-01-27 09:15:00,2026-01-27 11:45:00,BUY,5088.52,5068.52,200,5108.52,5128.52,5148.52,5168.52,5188.52,A+,31,SL,,-100.0,2910.4,London,0.01
2026-01-27 17:00:00,2026-01-28 01:00:00,BUY,5091.49,5091.69,200,5111.49,5131.49,5151.49,5171.49,5191.49,A+,36,TP5,"1,2,3,4,5",300.0,3210.4,NY,0.01
2026-01-28 14:45:00,2026-01-28 15:00:00,BUY,5286.24,5266.24,200,5306.24,5326.24,5346.24,5366.24,5386.24,A+,33,SL,,-100.0,3110.4,LN/NY,0.01
2026-01-28 19:30:00,2026-01-28 21:45:00,BUY,5310.91,5311.11,200,5330.91,5350.91,5370.91,5390.91,5410.91,A+,31,TP5,"1,2,3,4,5",300.0,3410.4,NY,0.01
2026-01-29 14:15:00,2026-01-29 14:30:00,BUY,5543.6,5523.6,200,5563.6,5583.6,5603.6,5623.6,5643.6,A+,29,SL,,-100.0,3310.4,LN/NY,0.01
2026-01-30 14:30:00,2026-01-30 16:30:00,SELL,5079.68,5079.4800000000005,200,5059.68,5039.68,5019.68,4999.68,4979.68,A+,28,TP5,"1,2,3,4,5",300.0,3610.4,LN/NY,0.01
2026-02-02 16:45:00,2026-02-02 17:00:00,SELL,4665.23,4685.23,200,4645.23,4625.23,4605.23,4585.23,4565.23,A,26,SL,,-100.0,3510.4,NY,0.01
2026-02-03 10:15:00,2026-02-03 11:00:00,BUY,4914.77,4894.77,200,4934.77,4954.77,4974.77,4994.77,5014.77,A,26,SL,,-100.0,3410.4,London,0.01
2026-02-03 13:15:00,2026-02-03 14:15:00,BUY,4934.11,4914.11,200,4954.11,4974.11,4994.11,5014.11,5034.11,A+,28,SL,,-100.0,3310.4,LN/NY,0.01
2026-02-05 12:00:00,2026-02-05 12:30:00,SELL,4839.35,4839.150000000001,200,4819.35,4799.35,4779.35,4759.35,4739.35,A+,28,SL@BE,1,20.8,3331.2,LN/NY,0.01
2026-02-05 12:45:00,2026-02-05 13:15:00,SELL,4852.77,4852.570000000001,200,4832.77,4812.77,4792.77,4772.77,4752.77,A+,28,SL@BE,"1,2",60.6,3391.8,LN/NY,0.01
2026-02-05 13:30:00,2026-02-05 13:45:00,SELL,4824.01,4844.01,200,4804.01,4784.01,4764.01,4744.01,4724.01,A+,33,SL,,-100.0,3291.8,LN/NY,0.01
2026-02-09 17:30:00,2026-02-09 17:45:00,BUY,5062.48,5042.48,200,5082.48,5102.48,5122.48,5142.48,5162.48,A+,31,SL,,-100.0,3191.8,NY,0.01
2026-02-10 09:45:00,2026-02-10 12:30:00,BUY,5046.84,5026.84,200,5066.84,5086.84,5106.84,5126.84,5146.84,A+,31,SL,,-100.0,3091.8,London,0.01
2026-02-12 16:00:00,2026-02-12 16:30:00,SELL,4950.68,4950.4800000000005,200,4930.68,4910.68,4890.68,4870.68,4850.68,B,22,SL@BE,"1,2,3",120.4,3212.2,NY,0.01
2026-02-12 16:45:00,2026-02-12 17:15:00,SELL,4953.97,4973.97,200,4933.97,4913.97,4893.97,4873.97,4853.97,B,22,SL,,-100.0,3112.2,NY,0.01
2026-02-16 08:45:00,2026-02-16 14:30:00,BUY,5008.12,4988.12,200,5028.12,5048.12,5068.12,5088.12,5108.12,A+,31,SL,,-100.0,3012.2,London,0.01
2026-02-17 13:45:00,2026-02-17 14:00:00,SELL,4870.18,4890.18,200,4850.18,4830.18,4810.18,4790.18,4770.18,A+,33,SL,,-100.0,2912.2,LN/NY,0.01
2026-02-18 07:00:00,2026-02-18 08:45:00,BUY,4938.47,4918.47,200,4958.47,4978.47,4998.47,5018.47,5038.47,A+,31,SL,,-100.0,2812.2,London,0.01
2026-02-18 10:45:00,2026-02-18 12:45:00,SELL,4913.88,4933.88,200,4893.88,4873.88,4853.88,4833.88,4813.88,B,22,SL,,-100.0,2712.2,London,0.01
2026-02-19 07:45:00,2026-02-19 10:00:00,BUY,5010.32,4990.32,200,5030.32,5050.32,5070.32,5090.32,5110.32,A+,31,SL,,-100.0,2612.2,London,0.01
2026-02-19 15:15:00,2026-02-19 16:15:00,BUY,5016.03,4996.03,200,5036.03,5056.03,5076.03,5096.03,5116.03,A+,33,SL,,-100.0,2512.2,LN/NY,0.01
2026-02-20 08:45:00,2026-02-20 12:30:00,BUY,5028.95,5008.95,200,5048.95,5068.95,5088.95,5108.95,5128.95,A,27,SL,,-100.0,2412.2,London,0.01
2026-02-20 19:00:00,2026-02-23 02:30:00,BUY,5071.55,5071.75,200,5091.55,5111.55,5131.55,5151.55,5171.55,A+,31,TP5,"1,2,3,4,5",300.0,2712.2,NY,0.01
2026-02-23 14:15:00,2026-02-24 01:15:00,BUY,5165.4,5165.599999999999,200,5185.4,5205.4,5225.4,5245.4,5265.4,A+,33,SL@BE,"1,2,3,4",200.2,2912.4,LN/NY,0.01
2026-02-24 18:45:00,2026-02-24 21:45:00,BUY,5160.09,5140.09,200,5180.09,5200.09,5220.09,5240.09,5260.09,A+,31,SL,,-100.0,2812.4,NY,0.01
2026-02-25 15:45:00,2026-02-25 19:00:00,BUY,5194.95,5195.15,200,5214.95,5234.95,5254.95,5274.95,5294.95,A+,33,SL@BE,1,20.8,2833.2,LN/NY,0.01
2026-02-27 12:45:00,2026-03-02 00:00:00,BUY,5187.44,5187.639999999999,200,5207.44,5227.44,5247.44,5267.44,5287.44,A+,38,TP5,"1,2,3,4,5",300.0,3133.2,LN/NY,0.01
2026-03-02 20:45:00,2026-03-03 05:45:00,BUY,5332.3,5332.5,200,5352.3,5372.3,5392.3,5412.3,5432.3,A,24,SL@BE,"1,2",60.6,3193.8,NY,0.01
2026-03-03 11:00:00,2026-03-03 11:30:00,SELL,5197.26,5197.06,200,5177.26,5157.26,5137.26,5117.26,5097.26,B,22,TP5,"1,2,3,4,5",300.0,3493.8,London,0.01
2026-03-03 11:45:00,2026-03-03 12:00:00,SELL,5144.02,5164.02,200,5124.02,5104.02,5084.02,5064.02,5044.02,B,22,SL,,-100.0,3393.8,London,0.01
2026-03-04 09:15:00,2026-03-04 12:30:00,BUY,5170.76,5170.96,200,5190.76,5210.76,5230.76,5250.76,5270.76,A+,31,SL@BE,1,20.8,3414.6,London,0.01
2026-03-04 15:45:00,2026-03-04 23:00:00,SELL,5150.7,5150.5,200,5130.7,5110.7,5090.7,5070.7,5050.7,A,24,SL@BE,"1,2",60.6,3475.2,LN/NY,0.01
2026-03-05 16:45:00,2026-03-05 18:30:00,SELL,5077.1,5076.900000000001,200,5057.1,5037.1,5017.1,4997.1,4977.1,B,22,SL@BE,1,20.8,3496.0,NY,0.01
2026-03-06 08:15:00,2026-03-06 13:30:00,SELL,5099.89,5099.6900000000005,200,5079.89,5059.89,5039.89,5019.89,4999.89,B,22,SL@BE,1,20.8,3516.8,London,0.01
2026-03-06 14:45:00,2026-03-06 16:30:00,BUY,5130.14,5130.34,200,5150.14,5170.14,5190.14,5210.14,5230.14,A+,29,SL@BE,"1,2",60.6,3577.4,LN/NY,0.01
2026-03-06 16:45:00,2026-03-09 00:00:00,BUY,5139.78,5139.98,200,5159.78,5179.78,5199.78,5219.78,5239.78,B,22,SL@BE,1,20.8,3598.2,NY,0.01
2026-03-09 13:30:00,2026-03-09 14:30:00,SELL,5075.51,5095.51,200,5055.51,5035.51,5015.51,4995.51,4975.51,A+,28,SL,,-100.0,3498.2,LN/NY,0.01
2026-03-09 20:45:00,2026-03-09 22:00:00,BUY,5139.24,5119.24,200,5159.24,5179.24,5199.24,5219.24,5239.24,B,22,SL,,-100.0,3398.2,NY,0.01
2026-03-10 14:00:00,2026-03-10 18:15:00,BUY,5195.34,5195.54,200,5215.34,5235.34,5255.34,5275.34,5295.34,A+,33,SL@BE,"1,2",60.6,3458.8,LN/NY,0.01
2026-03-12 10:00:00,2026-03-12 12:00:00,BUY,5187.12,5167.12,200,5207.12,5227.12,5247.12,5267.12,5287.12,A,27,SL,,-100.0,3358.8,London,0.01
2026-03-12 14:00:00,2026-03-12 20:30:00,SELL,5160.52,5160.320000000001,200,5140.52,5120.52,5100.52,5080.52,5060.52,A,24,TP5,"1,2,3,4,5",300.0,3658.8,LN/NY,0.01
2026-03-13 15:30:00,2026-03-13 16:30:00,SELL,5046.18,5045.9800000000005,200,5026.18,5006.18,4986.18,4966.18,4946.18,A+,29,SL@BE,1,20.8,3679.6,LN/NY,0.01
2026-03-13 19:15:00,2026-03-16 06:15:00,SELL,5034.59,5034.39,200,5014.59,4994.59,4974.59,4954.59,4934.59,A+,31,SL@BE,"1,2",60.6,3740.2,NY,0.01
2026-03-16 10:45:00,2026-03-16 11:15:00,SELL,4998.19,5018.19,200,4978.19,4958.19,4938.19,4918.19,4898.19,A+,31,SL,,-100.0,3640.2,London,0.01
2026-03-16 17:45:00,2026-03-16 18:30:00,SELL,4990.8,5010.8,200,4970.8,4950.8,4930.8,4910.8,4890.8,A+,31,SL,,-100.0,3540.2,NY,0.01
2026-03-17 11:45:00,2026-03-17 12:30:00,SELL,5002.72,5022.72,200,4982.72,4962.72,4942.72,4922.72,4902.72,A+,32,SL,,-100.0,3440.2,London,0.01
2026-03-18 08:30:00,2026-03-18 12:30:00,SELL,4983.88,4983.68,200,4963.88,4943.88,4923.88,4903.88,4883.88,A+,31,TP5,"1,2,3,4,5",300.0,3740.2,London,0.01
2026-03-18 12:45:00,2026-03-18 13:30:00,SELL,4881.01,4880.81,200,4861.01,4841.01,4821.01,4801.01,4781.01,A+,33,SL@BE,"1,2",60.6,3800.8,LN/NY,0.01
2026-03-18 13:45:00,2026-03-18 15:00:00,SELL,4877.57,4877.37,200,4857.57,4837.57,4817.57,4797.57,4777.57,A+,33,SL@BE,1,20.8,3821.6,LN/NY,0.01
2026-03-23 16:30:00,2026-03-23 17:15:00,SELL,4385.55,4405.55,200,4365.55,4345.55,4325.55,4305.55,4285.55,A+,28,SL,,-100.0,3721.6,NY,0.01
2026-03-24 12:30:00,2026-03-24 12:45:00,SELL,4369.09,4389.09,200,4349.09,4329.09,4309.09,4289.09,4269.09,A+,29,SL,,-100.0,3621.6,LN/NY,0.01
2026-03-25 07:30:00,2026-03-25 08:15:00,SELL,4546.05,4566.05,200,4526.05,4506.05,4486.05,4466.05,4446.05,A,24,SL,,-100.0,3521.6,London,0.01
2026-03-25 19:45:00,2026-03-25 22:00:00,SELL,4530.53,4530.33,200,4510.53,4490.53,4470.53,4450.53,4430.53,A,26,SL@BE,1,20.8,3542.4,NY,0.01
2026-03-26 07:00:00,2026-03-26 10:15:00,SELL,4447.34,4447.14,200,4427.34,4407.34,4387.34,4367.34,4347.34,A+,31,SL@BE,1,20.8,3563.2,London,0.01
2026-03-27 10:30:00,2026-03-27 12:30:00,SELL,4415.27,4435.27,200,4395.27,4375.27,4355.27,4335.27,4315.27,A+,36,SL,,-100.0,3463.2,London,0.01
2026-03-31 13:45:00,2026-03-31 14:45:00,BUY,4607.01,4607.21,200,4627.01,4647.01,4667.01,4687.01,4707.01,A+,28,SL@BE,1,20.8,3484.0,LN/NY,0.01
2026-03-31 15:00:00,2026-04-01 01:00:00,BUY,4623.12,4623.32,200,4643.12,4663.12,4683.12,4703.12,4723.12,A+,28,TP5,"1,2,3,4,5",300.0,3784.0,LN/NY,0.01
2026-04-01 08:15:00,2026-04-01 12:15:00,BUY,4730.53,4730.73,200,4750.53,4770.53,4790.53,4810.53,4830.53,A,26,SL@BE,1,20.8,3804.8,London,0.01
2026-04-02 15:15:00,2026-04-02 15:45:00,BUY,4672.35,4652.35,200,4692.35,4712.35,4732.35,4752.35,4772.35,A+,28,SL,,-100.0,3704.8,LN/NY,0.01
2026-04-02 19:00:00,,BUY,4674.48,4654.48,200,4694.48,4714.48,4734.48,4754.48,4774.48,B,22,,,6.63,3711.43,NY,0.01
